category,bin_0,bin_1,bin_2,bin_3,bin_4,bin_5,bin_6,bin_7,bin_8,bin_0_perc,bin_1_perc,bin_2_perc,bin_3_perc,bin_4_perc,bin_5_perc,bin_6_perc,bin_7_perc
white_diversity_exp,0,0.03125,0.0625,0.09375,0.125,0.15625,0.1875,0.21875,0.25,0.003719339,0.052152194,0.108444529,0.116602642,0.135878049,0.176329257,0.257421711,0.133190351
black_diversity_exp,0,0.03125,0.0625,0.09375,0.125,0.15625,0.1875,0.21875,0.25,0.310510527,0.230028913,0.142882352,0.099444814,0.078214717,0.067518223,0.046654631,0.008483894
asian_diversity_exp,0,0.03125,0.0625,0.09375,0.125,0.15625,0.1875,0.21875,0.25,0.574447868,0.212463859,0.081404661,0.049383051,0.028085083,0.017972281,0.013967883,0.006013384
hispanic_diversity_exp,0,0.03125,0.0625,0.09375,0.125,0.15625,0.1875,0.21875,0.25,0.144402666,0.242490057,0.155234902,0.111566602,0.093309262,0.091327424,0.096634948,0.048772211
other_diversity_exp,0,0.03125,0.0625,0.09375,0.125,0.15625,0.1875,0.21875,0.25,0.406887565,0.485075133,0.063201618,0.014673743,0.005836919,0.004398051,0.00308135,0.000583692
total_diversity_exp,0,0.1,0.2,0.3,0.4,0.5,0.6,0.7,0.8,0.0128005,0.115937504,0.134303438,0.167913234,0.222888868,0.22029619,0.102403996,0.007194342
total_diversity_resi,0,0.1,0.2,0.3,0.4,0.5,0.6,0.7,0.8,0.145705792,0.157393205,0.137289769,0.127733511,0.133027461,0.161859127,0.112679689,0.024311447
diff,-0.55,-0.3875,-0.225,-0.0625,0.1,0.2625,0.425,0.5875,0.75,0.000135742,0.005877642,0.113942092,0.544150185,0.295253092,0.022451778,0.001656056,0.000271485
